Any,Codi_Districte,Nom_Districte,Codi_Barri,Nom_Barri,Seccio_Censal,Import_Renda_Bruta_€
2022,1,Ciutat Vella,1,el Raval,1,38641
2022,1,Ciutat Vella,1,el Raval,2,31838
2022,1,Ciutat Vella,1,el Raval,3,33154
2022,1,Ciutat Vella,1,el Raval,4,38235
2022,1,Ciutat Vella,1,el Raval,5,29420
2022,1,Ciutat Vella,1,el Raval,6,34734
2022,1,Ciutat Vella,1,el Raval,7,35082
2022,1,Ciutat Vella,1,el Raval,8,27381
2022,1,Ciutat Vella,1,el Raval,9,33837
2022,1,Ciutat Vella,1,el Raval,10,30656
2022,1,Ciutat Vella,1,el Raval,11,29067
2022,1,Ciutat Vella,1,el Raval,12,34968
2022,1,Ciutat Vella,1,el Raval,13,39548
2022,1,Ciutat Vella,1,el Raval,14,35467
2022,1,Ciutat Vella,1,el Raval,15,36721
2022,1,Ciutat Vella,1,el Raval,16,36578
2022,1,Ciutat Vella,1,el Raval,17,31967
2022,1,Ciutat Vella,1,el Raval,18,35564
2022,1,Ciutat Vella,1,el Raval,19,32624
2022,1,Ciutat Vella,1,el Raval,20,45544
2022,1,Ciutat Vella,1,el Raval,21,42779
2022,1,Ciutat Vella,2,el Barri Gòtic,22,55993
2022,1,Ciutat Vella,2,el Barri Gòtic,23,44388
2022,1,Ciutat Vella,2,el Barri Gòtic,25,43173
2022,1,Ciutat Vella,2,el Barri Gòtic,26,46592
2022,1,Ciutat Vella,2,el Barri Gòtic,27,39180
2022,1,Ciutat Vella,2,el Barri Gòtic,28,42598
2022,1,Ciutat Vella,2,el Barri Gòtic,29,37873
2022,1,Ciutat Vella,2,el Barri Gòtic,30,38751
2022,1,Ciutat Vella,2,el Barri Gòtic,31,36473
2022,1,Ciutat Vella,3,la Barceloneta,32,38053
2022,1,Ciutat Vella,3,la Barceloneta,33,33217
2022,1,Ciutat Vella,3,la Barceloneta,34,32431
2022,1,Ciutat Vella,3,la Barceloneta,35,32913
2022,1,Ciutat Vella,3,la Barceloneta,36,39184
2022,1,Ciutat Vella,3,la Barceloneta,37,39090
2022,1,Ciutat Vella,3,la Barceloneta,38,30178
2022,1,Ciutat Vella,3,la Barceloneta,39,38464
2022,1,Ciutat Vella,3,la Barceloneta,40,38305
2022,1,Ciutat Vella,3,la Barceloneta,41,30596
2022,1,Ciutat Vella,3,la Barceloneta,42,40944
2022,1,Ciutat Vella,4,"Sant Pere, Santa Caterina i la Ribera",43,57004
2022,1,Ciutat Vella,4,"Sant Pere, Santa Caterina i la Ribera",44,44247
2022,1,Ciutat Vella,4,"Sant Pere, Santa Caterina i la Ribera",45,39947
2022,1,Ciutat Vella,4,"Sant Pere, Santa Caterina i la Ribera",46,40539
2022,1,Ciutat Vella,4,"Sant Pere, Santa Caterina i la Ribera",47,40256
2022,1,Ciutat Vella,4,"Sant Pere, Santa Caterina i la Ribera",48,31554
2022,1,Ciutat Vella,4,"Sant Pere, Santa Caterina i la Ribera",49,45871
2022,1,Ciutat Vella,4,"Sant Pere, Santa Caterina i la Ribera",50,38717
2022,1,Ciutat Vella,4,"Sant Pere, Santa Caterina i la Ribera",51,36341
2022,1,Ciutat Vella,4,"Sant Pere, Santa Caterina i la Ribera",52,59768
2022,1,Ciutat Vella,4,"Sant Pere, Santa Caterina i la Ribera",53,33578
2022,1,Ciutat Vella,4,"Sant Pere, Santa Caterina i la Ribera",54,36670
2022,1,Ciutat Vella,4,"Sant Pere, Santa Caterina i la Ribera",55,52925
2022,2,L'Eixample,5,el Fort Pienc,1,53542
2022,2,L'Eixample,5,el Fort Pienc,2,54793
2022,2,L'Eixample,5,el Fort Pienc,3,63238
2022,2,L'Eixample,5,el Fort Pienc,4,54147
2022,2,L'Eixample,5,el Fort Pienc,5,61047
2022,2,L'Eixample,5,el Fort Pienc,6,65320
2022,2,L'Eixample,5,el Fort Pienc,7,67839
2022,2,L'Eixample,5,el Fort Pienc,8,69122
2022,2,L'Eixample,5,el Fort Pienc,9,63150
2022,2,L'Eixample,5,el Fort Pienc,10,60597
2022,2,L'Eixample,5,el Fort Pienc,11,58566
2022,2,L'Eixample,5,el Fort Pienc,12,51561
2022,2,L'Eixample,5,el Fort Pienc,13,48093
2022,2,L'Eixample,5,el Fort Pienc,14,47097
2022,2,L'Eixample,5,el Fort Pienc,15,49123
2022,2,L'Eixample,5,el Fort Pienc,16,62715
2022,2,L'Eixample,5,el Fort Pienc,17,67148
2022,2,L'Eixample,5,el Fort Pienc,18,63457
2022,2,L'Eixample,5,el Fort Pienc,19,58280
2022,2,L'Eixample,5,el Fort Pienc,20,52387
2022,2,L'Eixample,6,la Sagrada Família,21,51065
2022,2,L'Eixample,6,la Sagrada Família,22,61803
2022,2,L'Eixample,6,la Sagrada Família,23,52618
2022,2,L'Eixample,6,la Sagrada Família,24,50484
2022,2,L'Eixample,6,la Sagrada Família,25,49367
2022,2,L'Eixample,6,la Sagrada Família,26,53591
2022,2,L'Eixample,6,la Sagrada Família,27,55212
2022,2,L'Eixample,6,la Sagrada Família,28,55345
2022,2,L'Eixample,6,la Sagrada Família,29,56121
2022,2,L'Eixample,6,la Sagrada Família,30,47817
2022,2,L'Eixample,6,la Sagrada Família,31,61261
2022,2,L'Eixample,6,la Sagrada Família,32,57363
2022,2,L'Eixample,6,la Sagrada Família,33,51316
2022,2,L'Eixample,6,la Sagrada Família,34,48767
2022,2,L'Eixample,6,la Sagrada Família,35,54445
2022,2,L'Eixample,6,la Sagrada Família,36,61957
2022,2,L'Eixample,6,la Sagrada Família,37,64708
2022,2,L'Eixample,6,la Sagrada Família,38,63362
2022,2,L'Eixample,6,la Sagrada Família,39,55728
2022,2,L'Eixample,6,la Sagrada Família,40,48904
2022,2,L'Eixample,6,la Sagrada Família,41,52018
2022,2,L'Eixample,6,la Sagrada Família,42,62458
2022,2,L'Eixample,6,la Sagrada Família,43,62138
2022,2,L'Eixample,6,la Sagrada Família,44,50509
2022,2,L'Eixample,6,la Sagrada Família,45,63088
2022,2,L'Eixample,6,la Sagrada Família,46,52395
2022,2,L'Eixample,6,la Sagrada Família,47,58817
2022,2,L'Eixample,6,la Sagrada Família,48,55886
2022,2,L'Eixample,6,la Sagrada Família,49,50344
2022,2,L'Eixample,6,la Sagrada Família,50,51341
2022,2,L'Eixample,6,la Sagrada Família,51,48628
2022,2,L'Eixample,6,la Sagrada Família,52,56830
2022,2,L'Eixample,6,la Sagrada Família,53,55055
2022,2,L'Eixample,6,la Sagrada Família,54,59337
2022,2,L'Eixample,7,la Dreta de l'Eixample,55,61583
2022,2,L'Eixample,7,la Dreta de l'Eixample,56,63006
2022,2,L'Eixample,7,la Dreta de l'Eixample,57,81051
2022,2,L'Eixample,7,la Dreta de l'Eixample,58,69975
2022,2,L'Eixample,7,la Dreta de l'Eixample,59,83059
2022,2,L'Eixample,7,la Dreta de l'Eixample,60,67118
2022,2,L'Eixample,7,la Dreta de l'Eixample,61,58332
2022,2,L'Eixample,7,la Dreta de l'Eixample,62,76435
2022,2,L'Eixample,7,la Dreta de l'Eixample,63,95006
2022,2,L'Eixample,7,la Dreta de l'Eixample,64,90648
2022,2,L'Eixample,7,la Dreta de l'Eixample,65,64178
2022,2,L'Eixample,7,la Dreta de l'Eixample,66,64066
2022,2,L'Eixample,7,la Dreta de l'Eixample,67,55703
2022,2,L'Eixample,7,la Dreta de l'Eixample,68,61511
2022,2,L'Eixample,7,la Dreta de l'Eixample,69,69446
2022,2,L'Eixample,7,la Dreta de l'Eixample,70,75259
2022,2,L'Eixample,7,la Dreta de l'Eixample,71,80173
2022,2,L'Eixample,7,la Dreta de l'Eixample,72,88812
2022,2,L'Eixample,7,la Dreta de l'Eixample,73,78188
2022,2,L'Eixample,7,la Dreta de l'Eixample,74,91493
2022,2,L'Eixample,7,la Dreta de l'Eixample,75,74865
2022,2,L'Eixample,7,la Dreta de l'Eixample,76,92907
2022,2,L'Eixample,7,la Dreta de l'Eixample,77,72189
2022,2,L'Eixample,7,la Dreta de l'Eixample,78,79245
2022,2,L'Eixample,7,la Dreta de l'Eixample,79,97962
2022,2,L'Eixample,7,la Dreta de l'Eixample,80,94032
2022,2,L'Eixample,7,la Dreta de l'Eixample,81,83807
2022,2,L'Eixample,7,la Dreta de l'Eixample,82,92781
2022,2,L'Eixample,7,la Dreta de l'Eixample,83,95899
2022,2,L'Eixample,8,l'Antiga Esquerra de l'Eixample,84,69836
2022,2,L'Eixample,8,l'Antiga Esquerra de l'Eixample,85,70278
2022,2,L'Eixample,8,l'Antiga Esquerra de l'Eixample,86,81156
2022,2,L'Eixample,8,l'Antiga Esquerra de l'Eixample,87,70420
2022,2,L'Eixample,8,l'Antiga Esquerra de l'Eixample,88,76237
2022,2,L'Eixample,8,l'Antiga Esquerra de l'Eixample,89,69003
2022,2,L'Eixample,8,l'Antiga Esquerra de l'Eixample,90,62569
2022,2,L'Eixample,8,l'Antiga Esquerra de l'Eixample,91,68457
2022,2,L'Eixample,8,l'Antiga Esquerra de l'Eixample,92,61989
2022,2,L'Eixample,8,l'Antiga Esquerra de l'Eixample,93,66339
2022,2,L'Eixample,8,l'Antiga Esquerra de l'Eixample,94,64208
2022,2,L'Eixample,8,l'Antiga Esquerra de l'Eixample,95,67114
2022,2,L'Eixample,8,l'Antiga Esquerra de l'Eixample,96,59223
2022,2,L'Eixample,8,l'Antiga Esquerra de l'Eixample,97,59269
2022,2,L'Eixample,8,l'Antiga Esquerra de l'Eixample,98,62712
2022,2,L'Eixample,8,l'Antiga Esquerra de l'Eixample,99,76241
2022,2,L'Eixample,8,l'Antiga Esquerra de l'Eixample,100,61001
2022,2,L'Eixample,8,l'Antiga Esquerra de l'Eixample,101,67372
2022,2,L'Eixample,8,l'Antiga Esquerra de l'Eixample,102,75748
2022,2,L'Eixample,8,l'Antiga Esquerra de l'Eixample,103,51749
2022,2,L'Eixample,8,l'Antiga Esquerra de l'Eixample,104,71835
2022,2,L'Eixample,8,l'Antiga Esquerra de l'Eixample,105,56231
2022,2,L'Eixample,8,l'Antiga Esquerra de l'Eixample,106,77879
2022,2,L'Eixample,8,l'Antiga Esquerra de l'Eixample,107,80105
2022,2,L'Eixample,8,l'Antiga Esquerra de l'Eixample,108,76889
2022,2,L'Eixample,8,l'Antiga Esquerra de l'Eixample,109,83967
2022,2,L'Eixample,9,la Nova Esquerra de l'Eixample,110,60158
2022,2,L'Eixample,9,la Nova Esquerra de l'Eixample,111,62193
2022,2,L'Eixample,9,la Nova Esquerra de l'Eixample,112,78082
2022,2,L'Eixample,9,la Nova Esquerra de l'Eixample,113,81212
2022,2,L'Eixample,9,la Nova Esquerra de l'Eixample,114,60343
2022,2,L'Eixample,9,la Nova Esquerra de l'Eixample,115,57808
2022,2,L'Eixample,9,la Nova Esquerra de l'Eixample,116,74871
2022,2,L'Eixample,9,la Nova Esquerra de l'Eixample,117,64426
2022,2,L'Eixample,9,la Nova Esquerra de l'Eixample,118,74347
2022,2,L'Eixample,9,la Nova Esquerra de l'Eixample,119,64557
2022,2,L'Eixample,9,la Nova Esquerra de l'Eixample,120,59453
2022,2,L'Eixample,9,la Nova Esquerra de l'Eixample,121,65763
2022,2,L'Eixample,9,la Nova Esquerra de l'Eixample,122,72238
2022,2,L'Eixample,9,la Nova Esquerra de l'Eixample,123,55477
2022,2,L'Eixample,9,la Nova Esquerra de l'Eixample,124,65195
2022,2,L'Eixample,9,la Nova Esquerra de l'Eixample,125,64042
2022,2,L'Eixample,9,la Nova Esquerra de l'Eixample,126,65286
2022,2,L'Eixample,9,la Nova Esquerra de l'Eixample,127,56182
2022,2,L'Eixample,9,la Nova Esquerra de l'Eixample,128,56189
2022,2,L'Eixample,9,la Nova Esquerra de l'Eixample,129,60209
2022,2,L'Eixample,9,la Nova Esquerra de l'Eixample,130,98000
2022,2,L'Eixample,9,la Nova Esquerra de l'Eixample,131,60118
2022,2,L'Eixample,9,la Nova Esquerra de l'Eixample,132,61012
2022,2,L'Eixample,9,la Nova Esquerra de l'Eixample,133,58105
2022,2,L'Eixample,9,la Nova Esquerra de l'Eixample,134,55895
2022,2,L'Eixample,9,la Nova Esquerra de l'Eixample,135,52430
2022,2,L'Eixample,9,la Nova Esquerra de l'Eixample,136,60685
2022,2,L'Eixample,9,la Nova Esquerra de l'Eixample,137,54427
2022,2,L'Eixample,9,la Nova Esquerra de l'Eixample,138,62469
2022,2,L'Eixample,9,la Nova Esquerra de l'Eixample,139,54537
2022,2,L'Eixample,9,la Nova Esquerra de l'Eixample,140,59054
2022,2,L'Eixample,9,la Nova Esquerra de l'Eixample,141,55504
2022,2,L'Eixample,9,la Nova Esquerra de l'Eixample,142,54221
2022,2,L'Eixample,9,la Nova Esquerra de l'Eixample,143,60784
2022,2,L'Eixample,9,la Nova Esquerra de l'Eixample,144,65861
2022,2,L'Eixample,9,la Nova Esquerra de l'Eixample,145,61744
2022,2,L'Eixample,9,la Nova Esquerra de l'Eixample,146,58761
2022,2,L'Eixample,9,la Nova Esquerra de l'Eixample,147,55774
2022,2,L'Eixample,9,la Nova Esquerra de l'Eixample,148,58889
2022,2,L'Eixample,9,la Nova Esquerra de l'Eixample,149,58359
2022,2,L'Eixample,10,Sant Antoni,150,53369
2022,2,L'Eixample,10,Sant Antoni,151,59262
2022,2,L'Eixample,10,Sant Antoni,152,62054
2022,2,L'Eixample,10,Sant Antoni,153,61370
2022,2,L'Eixample,10,Sant Antoni,154,51616
2022,2,L'Eixample,10,Sant Antoni,155,52338
2022,2,L'Eixample,10,Sant Antoni,156,56655
2022,2,L'Eixample,10,Sant Antoni,157,52263
2022,2,L'Eixample,10,Sant Antoni,158,56713
2022,2,L'Eixample,10,Sant Antoni,159,58762
2022,2,L'Eixample,10,Sant Antoni,160,61653
2022,2,L'Eixample,10,Sant Antoni,161,57668
2022,2,L'Eixample,10,Sant Antoni,162,50325
2022,2,L'Eixample,10,Sant Antoni,163,58414
2022,2,L'Eixample,10,Sant Antoni,164,56580
2022,2,L'Eixample,10,Sant Antoni,165,59186
2022,2,L'Eixample,10,Sant Antoni,166,54814
2022,2,L'Eixample,10,Sant Antoni,167,59314
2022,2,L'Eixample,10,Sant Antoni,168,52909
2022,2,L'Eixample,10,Sant Antoni,169,52870
2022,2,L'Eixample,10,Sant Antoni,170,58545
2022,2,L'Eixample,10,Sant Antoni,171,47883
2022,2,L'Eixample,10,Sant Antoni,172,47175
2022,2,L'Eixample,10,Sant Antoni,173,52677
2022,3,Sants-Montjuïc,11,el Poble Sec,1,46931
2022,3,Sants-Montjuïc,11,el Poble Sec,2,39191
2022,3,Sants-Montjuïc,11,el Poble Sec,3,41201
2022,3,Sants-Montjuïc,11,el Poble Sec,4,45810
2022,3,Sants-Montjuïc,11,el Poble Sec,5,40314
2022,3,Sants-Montjuïc,11,el Poble Sec,6,45421
2022,3,Sants-Montjuïc,11,el Poble Sec,7,40833
2022,3,Sants-Montjuïc,11,el Poble Sec,8,39696
2022,3,Sants-Montjuïc,11,el Poble Sec,9,43637
2022,3,Sants-Montjuïc,11,el Poble Sec,10,42159
2022,3,Sants-Montjuïc,11,el Poble Sec,11,36102
2022,3,Sants-Montjuïc,11,el Poble Sec,12,41437
2022,3,Sants-Montjuïc,11,el Poble Sec,13,38156
2022,3,Sants-Montjuïc,11,el Poble Sec,14,40048
2022,3,Sants-Montjuïc,11,el Poble Sec,15,41268
2022,3,Sants-Montjuïc,11,el Poble Sec,16,42326
2022,3,Sants-Montjuïc,11,el Poble Sec,17,38396
2022,3,Sants-Montjuïc,11,el Poble Sec,18,45117
2022,3,Sants-Montjuïc,11,el Poble Sec,19,40407
2022,3,Sants-Montjuïc,11,el Poble Sec,20,49418
2022,3,Sants-Montjuïc,11,el Poble Sec,21,48959
2022,3,Sants-Montjuïc,11,el Poble Sec,22,44427
2022,3,Sants-Montjuïc,11,el Poble Sec,23,40815
2022,3,Sants-Montjuïc,11,el Poble Sec,24,40584
2022,3,Sants-Montjuïc,12,la Marina del Prat Vermell,25,36309
2022,3,Sants-Montjuïc,13,la Marina de Port,26,40484
2022,3,Sants-Montjuïc,13,la Marina de Port,27,44694
2022,3,Sants-Montjuïc,13,la Marina de Port,28,54377
2022,3,Sants-Montjuïc,13,la Marina de Port,29,41165
2022,3,Sants-Montjuïc,13,la Marina de Port,30,43780
2022,3,Sants-Montjuïc,13,la Marina de Port,31,41056
2022,3,Sants-Montjuïc,13,la Marina de Port,32,36651
2022,3,Sants-Montjuïc,13,la Marina de Port,33,34444
2022,3,Sants-Montjuïc,13,la Marina de Port,34,42664
2022,3,Sants-Montjuïc,13,la Marina de Port,35,47089
2022,3,Sants-Montjuïc,13,la Marina de Port,36,50646
2022,3,Sants-Montjuïc,13,la Marina de Port,37,49467
2022,3,Sants-Montjuïc,13,la Marina de Port,38,36387
2022,3,Sants-Montjuïc,13,la Marina de Port,39,32893
2022,3,Sants-Montjuïc,14,la Font de la Guatlla,40,51478
2022,3,Sants-Montjuïc,14,la Font de la Guatlla,41,49338
2022,3,Sants-Montjuïc,14,la Font de la Guatlla,42,47537
2022,3,Sants-Montjuïc,14,la Font de la Guatlla,43,48689
2022,3,Sants-Montjuïc,14,la Font de la Guatlla,44,47004
2022,3,Sants-Montjuïc,14,la Font de la Guatlla,45,47034
2022,3,Sants-Montjuïc,14,la Font de la Guatlla,46,59848
2022,3,Sants-Montjuïc,15,Hostafrancs,47,44636
2022,3,Sants-Montjuïc,15,Hostafrancs,48,57303
2022,3,Sants-Montjuïc,15,Hostafrancs,49,50285
2022,3,Sants-Montjuïc,15,Hostafrancs,50,49609
2022,3,Sants-Montjuïc,15,Hostafrancs,51,43344
2022,3,Sants-Montjuïc,15,Hostafrancs,52,48013
2022,3,Sants-Montjuïc,15,Hostafrancs,53,44888
2022,3,Sants-Montjuïc,15,Hostafrancs,54,52910
2022,3,Sants-Montjuïc,15,Hostafrancs,55,46408
2022,3,Sants-Montjuïc,15,Hostafrancs,56,44305
2022,3,Sants-Montjuïc,16,la Bordeta,57,44403
2022,3,Sants-Montjuïc,16,la Bordeta,58,67466
2022,3,Sants-Montjuïc,16,la Bordeta,59,42134
2022,3,Sants-Montjuïc,16,la Bordeta,60,54251
2022,3,Sants-Montjuïc,16,la Bordeta,61,43234
2022,3,Sants-Montjuïc,16,la Bordeta,62,45009
2022,3,Sants-Montjuïc,16,la Bordeta,63,52202
2022,3,Sants-Montjuïc,16,la Bordeta,64,51353
2022,3,Sants-Montjuïc,16,la Bordeta,65,51731
2022,3,Sants-Montjuïc,16,la Bordeta,66,47514
2022,3,Sants-Montjuïc,16,la Bordeta,67,52158
2022,3,Sants-Montjuïc,16,la Bordeta,68,39845
2022,3,Sants-Montjuïc,16,la Bordeta,69,54330
2022,3,Sants-Montjuïc,17,Sants-Badal,70,40989
2022,3,Sants-Montjuïc,17,Sants-Badal,71,39283
2022,3,Sants-Montjuïc,17,Sants-Badal,72,40251
2022,3,Sants-Montjuïc,17,Sants-Badal,73,49736
2022,3,Sants-Montjuïc,17,Sants-Badal,74,47208
2022,3,Sants-Montjuïc,17,Sants-Badal,75,46303
2022,3,Sants-Montjuïc,17,Sants-Badal,76,42994
2022,3,Sants-Montjuïc,17,Sants-Badal,77,46589
2022,3,Sants-Montjuïc,17,Sants-Badal,78,44450
2022,3,Sants-Montjuïc,17,Sants-Badal,79,42943
2022,3,Sants-Montjuïc,17,Sants-Badal,80,45975
2022,3,Sants-Montjuïc,17,Sants-Badal,81,50124
2022,3,Sants-Montjuïc,17,Sants-Badal,82,55692
2022,3,Sants-Montjuïc,17,Sants-Badal,83,50255
2022,3,Sants-Montjuïc,17,Sants-Badal,84,51845
2022,3,Sants-Montjuïc,17,Sants-Badal,85,55480
2022,3,Sants-Montjuïc,18,Sants,86,62721
2022,3,Sants-Montjuïc,18,Sants,87,61144
2022,3,Sants-Montjuïc,18,Sants,88,50182
2022,3,Sants-Montjuïc,18,Sants,89,54097
2022,3,Sants-Montjuïc,18,Sants,90,62185
2022,3,Sants-Montjuïc,18,Sants,91,59577
2022,3,Sants-Montjuïc,18,Sants,92,51677
2022,3,Sants-Montjuïc,18,Sants,93,55622
2022,3,Sants-Montjuïc,18,Sants,94,52131
2022,3,Sants-Montjuïc,18,Sants,95,49795
2022,3,Sants-Montjuïc,18,Sants,96,47640
2022,3,Sants-Montjuïc,18,Sants,97,36872
2022,3,Sants-Montjuïc,18,Sants,98,44967
2022,3,Sants-Montjuïc,18,Sants,99,46213
2022,3,Sants-Montjuïc,18,Sants,100,46236
2022,3,Sants-Montjuïc,18,Sants,101,45815
2022,3,Sants-Montjuïc,18,Sants,102,49873
2022,3,Sants-Montjuïc,18,Sants,103,47273
2022,3,Sants-Montjuïc,18,Sants,104,48243
2022,3,Sants-Montjuïc,18,Sants,105,46982
2022,3,Sants-Montjuïc,18,Sants,106,49343
2022,3,Sants-Montjuïc,18,Sants,107,52515
2022,3,Sants-Montjuïc,18,Sants,108,50801
2022,3,Sants-Montjuïc,18,Sants,109,53729
2022,3,Sants-Montjuïc,18,Sants,110,49631
2022,3,Sants-Montjuïc,18,Sants,111,53828
2022,3,Sants-Montjuïc,18,Sants,112,60100
2022,3,Sants-Montjuïc,18,Sants,113,71488
2022,3,Sants-Montjuïc,18,Sants,114,68933
2022,3,Sants-Montjuïc,13,la Marina de Port,211,52466
2022,3,Sants-Montjuïc,13,la Marina de Port,212,41873
2022,3,Sants-Montjuïc,13,la Marina de Port,213,38261
2022,4,Les Corts,19,les Corts,1,61761
2022,4,Les Corts,19,les Corts,2,70063
2022,4,Les Corts,19,les Corts,3,64272
2022,4,Les Corts,19,les Corts,4,58329
2022,4,Les Corts,19,les Corts,5,59404
2022,4,Les Corts,19,les Corts,6,62951
2022,4,Les Corts,19,les Corts,7,52857
2022,4,Les Corts,19,les Corts,8,50318
2022,4,Les Corts,19,les Corts,9,60299
2022,4,Les Corts,19,les Corts,10,78295
2022,4,Les Corts,19,les Corts,11,76679
2022,4,Les Corts,19,les Corts,12,67600
2022,4,Les Corts,19,les Corts,13,76064
2022,4,Les Corts,19,les Corts,14,75598
2022,4,Les Corts,19,les Corts,15,67550
2022,4,Les Corts,19,les Corts,16,76166
2022,4,Les Corts,19,les Corts,17,70466
2022,4,Les Corts,19,les Corts,18,77412
2022,4,Les Corts,19,les Corts,19,101810
2022,4,Les Corts,19,les Corts,20,83832
2022,4,Les Corts,19,les Corts,21,93549
2022,4,Les Corts,19,les Corts,22,65003
2022,4,Les Corts,19,les Corts,23,137782
2022,4,Les Corts,19,les Corts,24,143364
2022,4,Les Corts,19,les Corts,25,66032
2022,4,Les Corts,19,les Corts,26,67609
2022,4,Les Corts,19,les Corts,27,71237
2022,4,Les Corts,19,les Corts,28,62646
2022,4,Les Corts,19,les Corts,29,82523
2022,4,Les Corts,19,les Corts,30,73554
2022,4,Les Corts,19,les Corts,31,62509
2022,4,Les Corts,19,les Corts,32,61054
2022,4,Les Corts,19,les Corts,33,57041
2022,4,Les Corts,19,les Corts,34,81073
2022,4,Les Corts,19,les Corts,35,65463
2022,4,Les Corts,20,la Maternitat i Sant Ramon,36,59704
2022,4,Les Corts,20,la Maternitat i Sant Ramon,37,63586
2022,4,Les Corts,20,la Maternitat i Sant Ramon,38,60024
2022,4,Les Corts,20,la Maternitat i Sant Ramon,39,59849
2022,4,Les Corts,20,la Maternitat i Sant Ramon,40,47953
2022,4,Les Corts,20,la Maternitat i Sant Ramon,41,47093
2022,4,Les Corts,20,la Maternitat i Sant Ramon,42,45360
2022,4,Les Corts,20,la Maternitat i Sant Ramon,43,74560
2022,4,Les Corts,20,la Maternitat i Sant Ramon,44,56089
2022,4,Les Corts,20,la Maternitat i Sant Ramon,45,55773
2022,4,Les Corts,20,la Maternitat i Sant Ramon,46,84977
2022,4,Les Corts,20,la Maternitat i Sant Ramon,47,71709
2022,4,Les Corts,20,la Maternitat i Sant Ramon,48,74416
2022,4,Les Corts,20,la Maternitat i Sant Ramon,49,116687
2022,4,Les Corts,21,Pedralbes,50,143364
2022,4,Les Corts,21,Pedralbes,51,83260
2022,4,Les Corts,21,Pedralbes,52,143364
2022,4,Les Corts,21,Pedralbes,53,87196
2022,4,Les Corts,21,Pedralbes,54,113548
2022,4,Les Corts,21,Pedralbes,55,143364
2022,4,Les Corts,21,Pedralbes,56,143364
2022,4,Les Corts,20,la Maternitat i Sant Ramon,84,78782
2022,5,Sarrià-Sant Gervasi,22,"Vallvidrera, el Tibidabo i les Planes",1,65485
2022,5,Sarrià-Sant Gervasi,22,"Vallvidrera, el Tibidabo i les Planes",2,115145
2022,5,Sarrià-Sant Gervasi,22,"Vallvidrera, el Tibidabo i les Planes",3,109411
2022,5,Sarrià-Sant Gervasi,23,Sarrià,4,143364
2022,5,Sarrià-Sant Gervasi,23,Sarrià,5,124022
2022,5,Sarrià-Sant Gervasi,23,Sarrià,6,143364
2022,5,Sarrià-Sant Gervasi,23,Sarrià,7,116291
2022,5,Sarrià-Sant Gervasi,23,Sarrià,8,143364
2022,5,Sarrià-Sant Gervasi,23,Sarrià,9,91886
2022,5,Sarrià-Sant Gervasi,23,Sarrià,10,85763
2022,5,Sarrià-Sant Gervasi,23,Sarrià,11,96681
2022,5,Sarrià-Sant Gervasi,23,Sarrià,12,80360
2022,5,Sarrià-Sant Gervasi,23,Sarrià,13,90108
2022,5,Sarrià-Sant Gervasi,23,Sarrià,14,112965
2022,5,Sarrià-Sant Gervasi,23,Sarrià,15,96052
2022,5,Sarrià-Sant Gervasi,23,Sarrià,16,75583
2022,5,Sarrià-Sant Gervasi,23,Sarrià,17,143364
2022,5,Sarrià-Sant Gervasi,23,Sarrià,18,87859
2022,5,Sarrià-Sant Gervasi,23,Sarrià,19,127244
2022,5,Sarrià-Sant Gervasi,24,les Tres Torres,20,106105
2022,5,Sarrià-Sant Gervasi,24,les Tres Torres,21,143364
2022,5,Sarrià-Sant Gervasi,24,les Tres Torres,22,143364
2022,5,Sarrià-Sant Gervasi,24,les Tres Torres,23,74782
2022,5,Sarrià-Sant Gervasi,24,les Tres Torres,24,143364
2022,5,Sarrià-Sant Gervasi,24,les Tres Torres,25,143364
2022,5,Sarrià-Sant Gervasi,24,les Tres Torres,26,143364
2022,5,Sarrià-Sant Gervasi,24,les Tres Torres,27,143364
2022,5,Sarrià-Sant Gervasi,24,les Tres Torres,28,143364
2022,5,Sarrià-Sant Gervasi,24,les Tres Torres,29,143364
2022,5,Sarrià-Sant Gervasi,24,les Tres Torres,30,143364
2022,5,Sarrià-Sant Gervasi,25,Sant Gervasi- la Bonanova,31,143364
2022,5,Sarrià-Sant Gervasi,25,Sant Gervasi- la Bonanova,32,143364
2022,5,Sarrià-Sant Gervasi,25,Sant Gervasi- la Bonanova,33,130957
2022,5,Sarrià-Sant Gervasi,25,Sant Gervasi- la Bonanova,34,93452
2022,5,Sarrià-Sant Gervasi,25,Sant Gervasi- la Bonanova,35,143364
2022,5,Sarrià-Sant Gervasi,25,Sant Gervasi- la Bonanova,36,133519
2022,5,Sarrià-Sant Gervasi,25,Sant Gervasi- la Bonanova,37,87541
2022,5,Sarrià-Sant Gervasi,25,Sant Gervasi- la Bonanova,38,71584
2022,5,Sarrià-Sant Gervasi,25,Sant Gervasi- la Bonanova,39,120390
2022,5,Sarrià-Sant Gervasi,25,Sant Gervasi- la Bonanova,40,74672
2022,5,Sarrià-Sant Gervasi,25,Sant Gervasi- la Bonanova,41,83311
2022,5,Sarrià-Sant Gervasi,25,Sant Gervasi- la Bonanova,42,89822
2022,5,Sarrià-Sant Gervasi,25,Sant Gervasi- la Bonanova,43,75518
2022,5,Sarrià-Sant Gervasi,25,Sant Gervasi- la Bonanova,44,79138
2022,5,Sarrià-Sant Gervasi,25,Sant Gervasi- la Bonanova,45,122003
2022,5,Sarrià-Sant Gervasi,25,Sant Gervasi- la Bonanova,46,143364
2022,5,Sarrià-Sant Gervasi,25,Sant Gervasi- la Bonanova,47,127187
2022,5,Sarrià-Sant Gervasi,25,Sant Gervasi- la Bonanova,48,123978
2022,5,Sarrià-Sant Gervasi,26,Sant Gervasi- Galvany,49,143364
2022,5,Sarrià-Sant Gervasi,26,Sant Gervasi- Galvany,50,98956
2022,5,Sarrià-Sant Gervasi,26,Sant Gervasi- Galvany,51,132722
2022,5,Sarrià-Sant Gervasi,26,Sant Gervasi- Galvany,52,143364
2022,5,Sarrià-Sant Gervasi,26,Sant Gervasi- Galvany,53,143364
2022,5,Sarrià-Sant Gervasi,26,Sant Gervasi- Galvany,54,143364
2022,5,Sarrià-Sant Gervasi,26,Sant Gervasi- Galvany,55,143364
2022,5,Sarrià-Sant Gervasi,26,Sant Gervasi- Galvany,56,110853
2022,5,Sarrià-Sant Gervasi,26,Sant Gervasi- Galvany,57,143364
2022,5,Sarrià-Sant Gervasi,26,Sant Gervasi- Galvany,58,134674
2022,5,Sarrià-Sant Gervasi,26,Sant Gervasi- Galvany,59,115301
2022,5,Sarrià-Sant Gervasi,26,Sant Gervasi- Galvany,60,143364
2022,5,Sarrià-Sant Gervasi,26,Sant Gervasi- Galvany,61,76688
2022,5,Sarrià-Sant Gervasi,26,Sant Gervasi- Galvany,62,108425
2022,5,Sarrià-Sant Gervasi,26,Sant Gervasi- Galvany,63,114899
2022,5,Sarrià-Sant Gervasi,26,Sant Gervasi- Galvany,64,98115
2022,5,Sarrià-Sant Gervasi,26,Sant Gervasi- Galvany,65,87450
2022,5,Sarrià-Sant Gervasi,26,Sant Gervasi- Galvany,66,112060
2022,5,Sarrià-Sant Gervasi,26,Sant Gervasi- Galvany,67,102401
2022,5,Sarrià-Sant Gervasi,26,Sant Gervasi- Galvany,68,86550
2022,5,Sarrià-Sant Gervasi,26,Sant Gervasi- Galvany,69,87753
2022,5,Sarrià-Sant Gervasi,26,Sant Gervasi- Galvany,70,81315
2022,5,Sarrià-Sant Gervasi,26,Sant Gervasi- Galvany,71,74997
2022,5,Sarrià-Sant Gervasi,26,Sant Gervasi- Galvany,72,94099
2022,5,Sarrià-Sant Gervasi,26,Sant Gervasi- Galvany,73,76060
2022,5,Sarrià-Sant Gervasi,26,Sant Gervasi- Galvany,74,99467
2022,5,Sarrià-Sant Gervasi,26,Sant Gervasi- Galvany,75,80957
2022,5,Sarrià-Sant Gervasi,26,Sant Gervasi- Galvany,76,89226
2022,5,Sarrià-Sant Gervasi,26,Sant Gervasi- Galvany,77,114288
2022,5,Sarrià-Sant Gervasi,26,Sant Gervasi- Galvany,78,114647
2022,5,Sarrià-Sant Gervasi,26,Sant Gervasi- Galvany,79,90485
2022,5,Sarrià-Sant Gervasi,27,el Putxet i el Farró,80,74533
2022,5,Sarrià-Sant Gervasi,27,el Putxet i el Farró,81,74402
2022,5,Sarrià-Sant Gervasi,27,el Putxet i el Farró,82,68527
2022,5,Sarrià-Sant Gervasi,27,el Putxet i el Farró,83,71262
2022,5,Sarrià-Sant Gervasi,27,el Putxet i el Farró,84,72609
2022,5,Sarrià-Sant Gervasi,27,el Putxet i el Farró,85,64990
2022,5,Sarrià-Sant Gervasi,27,el Putxet i el Farró,86,68159
2022,5,Sarrià-Sant Gervasi,27,el Putxet i el Farró,87,72929
2022,5,Sarrià-Sant Gervasi,27,el Putxet i el Farró,88,81489
2022,5,Sarrià-Sant Gervasi,27,el Putxet i el Farró,89,82775
2022,5,Sarrià-Sant Gervasi,27,el Putxet i el Farró,90,68118
2022,5,Sarrià-Sant Gervasi,27,el Putxet i el Farró,91,71475
2022,5,Sarrià-Sant Gervasi,27,el Putxet i el Farró,92,115868
2022,5,Sarrià-Sant Gervasi,27,el Putxet i el Farró,93,82450
2022,5,Sarrià-Sant Gervasi,27,el Putxet i el Farró,94,104561
2022,5,Sarrià-Sant Gervasi,27,el Putxet i el Farró,95,72000
2022,5,Sarrià-Sant Gervasi,27,el Putxet i el Farró,96,61748
2022,5,Sarrià-Sant Gervasi,27,el Putxet i el Farró,97,81863
2022,5,Sarrià-Sant Gervasi,27,el Putxet i el Farró,98,70901
2022,6,Gràcia,28,Vallcarca i els Penitents,1,56314
2022,6,Gràcia,28,Vallcarca i els Penitents,2,54905
2022,6,Gràcia,28,Vallcarca i els Penitents,3,52942
2022,6,Gràcia,28,Vallcarca i els Penitents,4,59429
2022,6,Gràcia,28,Vallcarca i els Penitents,6,84892
2022,6,Gràcia,28,Vallcarca i els Penitents,7,69526
2022,6,Gràcia,28,Vallcarca i els Penitents,8,58323
2022,6,Gràcia,28,Vallcarca i els Penitents,9,92494
2022,6,Gràcia,28,Vallcarca i els Penitents,10,76078
2022,6,Gràcia,28,Vallcarca i els Penitents,11,71933
2022,6,Gràcia,28,Vallcarca i els Penitents,12,89559
2022,6,Gràcia,29,el Coll,13,56614
2022,6,Gràcia,29,el Coll,14,50429
2022,6,Gràcia,29,el Coll,15,49634
2022,6,Gràcia,29,el Coll,16,44098
2022,6,Gràcia,29,el Coll,17,49960
2022,6,Gràcia,30,la Salut,18,51401
2022,6,Gràcia,30,la Salut,19,56962
2022,6,Gràcia,30,la Salut,20,57210
2022,6,Gràcia,30,la Salut,21,70580
2022,6,Gràcia,30,la Salut,22,62203
2022,6,Gràcia,30,la Salut,23,85102
2022,6,Gràcia,30,la Salut,24,60953
2022,6,Gràcia,30,la Salut,25,66318
2022,6,Gràcia,30,la Salut,26,60389
2022,6,Gràcia,30,la Salut,27,65065
2022,6,Gràcia,31,la Vila de Gràcia,28,49719
2022,6,Gràcia,31,la Vila de Gràcia,29,54695
2022,6,Gràcia,31,la Vila de Gràcia,30,49119
2022,6,Gràcia,31,la Vila de Gràcia,31,50085
2022,6,Gràcia,31,la Vila de Gràcia,32,52134
2022,6,Gràcia,31,la Vila de Gràcia,33,55299
2022,6,Gràcia,31,la Vila de Gràcia,34,49105
2022,6,Gràcia,31,la Vila de Gràcia,35,69773
2022,6,Gràcia,31,la Vila de Gràcia,36,62787
2022,6,Gràcia,31,la Vila de Gràcia,37,63293
2022,6,Gràcia,31,la Vila de Gràcia,38,55576
2022,6,Gràcia,31,la Vila de Gràcia,39,49507
2022,6,Gràcia,31,la Vila de Gràcia,40,62997
2022,6,Gràcia,31,la Vila de Gràcia,41,64790
2022,6,Gràcia,31,la Vila de Gràcia,42,75214
2022,6,Gràcia,31,la Vila de Gràcia,43,61068
2022,6,Gràcia,31,la Vila de Gràcia,44,75300
2022,6,Gràcia,31,la Vila de Gràcia,45,59234
2022,6,Gràcia,31,la Vila de Gràcia,46,54318
2022,6,Gràcia,31,la Vila de Gràcia,47,47961
2022,6,Gràcia,31,la Vila de Gràcia,48,52193
2022,6,Gràcia,31,la Vila de Gràcia,49,55703
2022,6,Gràcia,31,la Vila de Gràcia,50,47254
2022,6,Gràcia,31,la Vila de Gràcia,51,55456
2022,6,Gràcia,31,la Vila de Gràcia,52,51554
2022,6,Gràcia,31,la Vila de Gràcia,53,58711
2022,6,Gràcia,31,la Vila de Gràcia,54,49943
2022,6,Gràcia,31,la Vila de Gràcia,55,55817
2022,6,Gràcia,31,la Vila de Gràcia,56,49595
2022,6,Gràcia,31,la Vila de Gràcia,57,44780
2022,6,Gràcia,31,la Vila de Gràcia,58,55521
2022,6,Gràcia,31,la Vila de Gràcia,59,49410
2022,6,Gràcia,31,la Vila de Gràcia,60,51807
2022,6,Gràcia,31,la Vila de Gràcia,61,51548
2022,6,Gràcia,31,la Vila de Gràcia,62,48806
2022,6,Gràcia,31,la Vila de Gràcia,63,50246
2022,6,Gràcia,32,el Camp d'en Grassot i Gràcia Nova,64,59523
2022,6,Gràcia,32,el Camp d'en Grassot i Gràcia Nova,65,65165
2022,6,Gràcia,32,el Camp d'en Grassot i Gràcia Nova,66,57563
2022,6,Gràcia,32,el Camp d'en Grassot i Gràcia Nova,67,53718
2022,6,Gràcia,32,el Camp d'en Grassot i Gràcia Nova,68,65660
2022,6,Gràcia,32,el Camp d'en Grassot i Gràcia Nova,69,60186
2022,6,Gràcia,32,el Camp d'en Grassot i Gràcia Nova,70,54853
2022,6,Gràcia,32,el Camp d'en Grassot i Gràcia Nova,71,62143
2022,6,Gràcia,32,el Camp d'en Grassot i Gràcia Nova,72,70093
2022,6,Gràcia,32,el Camp d'en Grassot i Gràcia Nova,73,53168
2022,6,Gràcia,32,el Camp d'en Grassot i Gràcia Nova,74,60037
2022,6,Gràcia,32,el Camp d'en Grassot i Gràcia Nova,75,68546
2022,6,Gràcia,32,el Camp d'en Grassot i Gràcia Nova,76,61446
2022,6,Gràcia,32,el Camp d'en Grassot i Gràcia Nova,77,51395
2022,6,Gràcia,32,el Camp d'en Grassot i Gràcia Nova,78,49256
2022,6,Gràcia,32,el Camp d'en Grassot i Gràcia Nova,79,56558
2022,6,Gràcia,32,el Camp d'en Grassot i Gràcia Nova,80,54797
2022,6,Gràcia,32,el Camp d'en Grassot i Gràcia Nova,81,54374
2022,6,Gràcia,32,el Camp d'en Grassot i Gràcia Nova,82,60315
2022,6,Gràcia,32,el Camp d'en Grassot i Gràcia Nova,83,62066
2022,6,Gràcia,32,el Camp d'en Grassot i Gràcia Nova,84,54639
2022,6,Gràcia,32,el Camp d'en Grassot i Gràcia Nova,85,60913
2022,6,Gràcia,32,el Camp d'en Grassot i Gràcia Nova,86,70259
2022,6,Gràcia,32,el Camp d'en Grassot i Gràcia Nova,87,65601
2022,6,Gràcia,32,el Camp d'en Grassot i Gràcia Nova,88,59288
2022,7,Horta-Guinardó,33,el Baix Guinardó,1,59557
2022,7,Horta-Guinardó,33,el Baix Guinardó,2,43456
2022,7,Horta-Guinardó,33,el Baix Guinardó,3,58326
2022,7,Horta-Guinardó,33,el Baix Guinardó,4,48838
2022,7,Horta-Guinardó,33,el Baix Guinardó,5,47550
2022,7,Horta-Guinardó,33,el Baix Guinardó,6,57833
2022,7,Horta-Guinardó,33,el Baix Guinardó,7,49224
2022,7,Horta-Guinardó,33,el Baix Guinardó,8,57780
2022,7,Horta-Guinardó,33,el Baix Guinardó,9,48286
2022,7,Horta-Guinardó,33,el Baix Guinardó,10,58570
2022,7,Horta-Guinardó,33,el Baix Guinardó,11,48218
2022,7,Horta-Guinardó,33,el Baix Guinardó,12,46876
2022,7,Horta-Guinardó,33,el Baix Guinardó,13,58905
2022,7,Horta-Guinardó,33,el Baix Guinardó,14,42630
2022,7,Horta-Guinardó,33,el Baix Guinardó,15,52803
2022,7,Horta-Guinardó,33,el Baix Guinardó,16,63055
2022,7,Horta-Guinardó,33,el Baix Guinardó,17,50687
2022,7,Horta-Guinardó,33,el Baix Guinardó,18,52341
2022,7,Horta-Guinardó,33,el Baix Guinardó,19,54208
2022,7,Horta-Guinardó,34,Can Baró,20,49833
2022,7,Horta-Guinardó,34,Can Baró,21,64639
2022,7,Horta-Guinardó,34,Can Baró,22,52655
2022,7,Horta-Guinardó,34,Can Baró,23,39869
2022,7,Horta-Guinardó,34,Can Baró,24,45068
2022,7,Horta-Guinardó,34,Can Baró,25,45624
2022,7,Horta-Guinardó,34,Can Baró,26,47559
2022,7,Horta-Guinardó,35,el Guinardó,27,49361
2022,7,Horta-Guinardó,35,el Guinardó,28,50105
2022,7,Horta-Guinardó,35,el Guinardó,29,54314
2022,7,Horta-Guinardó,35,el Guinardó,30,43905
2022,7,Horta-Guinardó,35,el Guinardó,31,44532
2022,7,Horta-Guinardó,35,el Guinardó,32,49504
2022,7,Horta-Guinardó,35,el Guinardó,33,53140
2022,7,Horta-Guinardó,35,el Guinardó,34,60239
2022,7,Horta-Guinardó,35,el Guinardó,35,58800
2022,7,Horta-Guinardó,35,el Guinardó,36,58514
2022,7,Horta-Guinardó,35,el Guinardó,37,51192
2022,7,Horta-Guinardó,35,el Guinardó,38,47788
2022,7,Horta-Guinardó,35,el Guinardó,39,54519
2022,7,Horta-Guinardó,35,el Guinardó,40,48116
2022,7,Horta-Guinardó,35,el Guinardó,41,45531
2022,7,Horta-Guinardó,35,el Guinardó,42,48849
2022,7,Horta-Guinardó,35,el Guinardó,43,51396
2022,7,Horta-Guinardó,35,el Guinardó,44,53143
2022,7,Horta-Guinardó,35,el Guinardó,45,49012
2022,7,Horta-Guinardó,35,el Guinardó,46,45956
2022,7,Horta-Guinardó,35,el Guinardó,47,48010
2022,7,Horta-Guinardó,35,el Guinardó,48,48892
2022,7,Horta-Guinardó,35,el Guinardó,49,47729
2022,7,Horta-Guinardó,35,el Guinardó,50,46911
2022,7,Horta-Guinardó,35,el Guinardó,51,50724
2022,7,Horta-Guinardó,36,la Font d'en Fargues,52,72306
2022,7,Horta-Guinardó,36,la Font d'en Fargues,53,57309
2022,7,Horta-Guinardó,36,la Font d'en Fargues,54,76346
2022,7,Horta-Guinardó,36,la Font d'en Fargues,55,87157
2022,7,Horta-Guinardó,36,la Font d'en Fargues,56,58187
2022,7,Horta-Guinardó,36,la Font d'en Fargues,57,60180
2022,7,Horta-Guinardó,36,la Font d'en Fargues,58,55130
2022,7,Horta-Guinardó,37,el Carmel,59,38218
2022,7,Horta-Guinardó,37,el Carmel,60,39096
2022,7,Horta-Guinardó,37,el Carmel,61,40633
2022,7,Horta-Guinardó,37,el Carmel,62,40718
2022,7,Horta-Guinardó,37,el Carmel,63,35546
2022,7,Horta-Guinardó,37,el Carmel,64,36727
2022,7,Horta-Guinardó,37,el Carmel,65,32299
2022,7,Horta-Guinardó,37,el Carmel,66,34264
2022,7,Horta-Guinardó,37,el Carmel,67,34760
2022,7,Horta-Guinardó,37,el Carmel,68,33700
2022,7,Horta-Guinardó,37,el Carmel,69,32996
2022,7,Horta-Guinardó,37,el Carmel,70,37005
2022,7,Horta-Guinardó,37,el Carmel,71,40690
2022,7,Horta-Guinardó,37,el Carmel,72,40979
2022,7,Horta-Guinardó,37,el Carmel,73,34439
2022,7,Horta-Guinardó,37,el Carmel,74,34783
2022,7,Horta-Guinardó,37,el Carmel,75,35754
2022,7,Horta-Guinardó,37,el Carmel,76,36304
2022,7,Horta-Guinardó,37,el Carmel,77,36070
2022,7,Horta-Guinardó,37,el Carmel,78,37285
2022,7,Horta-Guinardó,37,el Carmel,79,34962
2022,7,Horta-Guinardó,37,el Carmel,80,39995
2022,7,Horta-Guinardó,38,la Teixonera,81,42122
2022,7,Horta-Guinardó,38,la Teixonera,82,38461
2022,7,Horta-Guinardó,38,la Teixonera,83,36945
2022,7,Horta-Guinardó,38,la Teixonera,84,39234
2022,7,Horta-Guinardó,38,la Teixonera,85,42708
2022,7,Horta-Guinardó,38,la Teixonera,86,39500
2022,7,Horta-Guinardó,38,la Teixonera,87,40725
2022,7,Horta-Guinardó,38,la Teixonera,88,43438
2022,7,Horta-Guinardó,39,Sant Genís dels Agudells,89,52969
2022,7,Horta-Guinardó,39,Sant Genís dels Agudells,90,45730
2022,7,Horta-Guinardó,39,Sant Genís dels Agudells,91,44021
2022,7,Horta-Guinardó,39,Sant Genís dels Agudells,92,33846
2022,7,Horta-Guinardó,39,Sant Genís dels Agudells,93,43304
2022,7,Horta-Guinardó,40,Montbau,94,45226
2022,7,Horta-Guinardó,40,Montbau,95,46989
2022,7,Horta-Guinardó,40,Montbau,96,42739
2022,7,Horta-Guinardó,40,Montbau,97,54071
2022,7,Horta-Guinardó,41,la Vall d'Hebron,98,71883
2022,7,Horta-Guinardó,41,la Vall d'Hebron,99,56491
2022,7,Horta-Guinardó,41,la Vall d'Hebron,100,47323
2022,7,Horta-Guinardó,41,la Vall d'Hebron,101,49017
2022,7,Horta-Guinardó,42,la Clota,102,51471
2022,7,Horta-Guinardó,43,Horta,103,47141
2022,7,Horta-Guinardó,43,Horta,104,41622
2022,7,Horta-Guinardó,43,Horta,105,52731
2022,7,Horta-Guinardó,43,Horta,106,52976
2022,7,Horta-Guinardó,43,Horta,107,60700
2022,7,Horta-Guinardó,43,Horta,108,53681
2022,7,Horta-Guinardó,43,Horta,109,40126
2022,7,Horta-Guinardó,43,Horta,110,53575
2022,7,Horta-Guinardó,43,Horta,111,61109
2022,7,Horta-Guinardó,43,Horta,112,55319
2022,7,Horta-Guinardó,43,Horta,113,44663
2022,7,Horta-Guinardó,43,Horta,114,54211
2022,7,Horta-Guinardó,43,Horta,115,62585
2022,7,Horta-Guinardó,43,Horta,116,48155
2022,7,Horta-Guinardó,43,Horta,117,51347
2022,7,Horta-Guinardó,43,Horta,118,51361
2022,7,Horta-Guinardó,43,Horta,119,43200
2022,7,Horta-Guinardó,43,Horta,120,46002
2022,7,Horta-Guinardó,43,Horta,121,40704
2022,7,Horta-Guinardó,43,Horta,122,46743
2022,7,Horta-Guinardó,43,Horta,123,51488
2022,8,Nou Barris,44,Vilapicina i la Torre Llobeta,1,45180
2022,8,Nou Barris,44,Vilapicina i la Torre Llobeta,2,49382
2022,8,Nou Barris,44,Vilapicina i la Torre Llobeta,3,44461
2022,8,Nou Barris,44,Vilapicina i la Torre Llobeta,4,43349
2022,8,Nou Barris,44,Vilapicina i la Torre Llobeta,5,47081
2022,8,Nou Barris,44,Vilapicina i la Torre Llobeta,6,49501
2022,8,Nou Barris,44,Vilapicina i la Torre Llobeta,7,50240
2022,8,Nou Barris,44,Vilapicina i la Torre Llobeta,8,48648
2022,8,Nou Barris,44,Vilapicina i la Torre Llobeta,9,46037
2022,8,Nou Barris,44,Vilapicina i la Torre Llobeta,10,51458
2022,8,Nou Barris,44,Vilapicina i la Torre Llobeta,11,53072
2022,8,Nou Barris,44,Vilapicina i la Torre Llobeta,12,46751
2022,8,Nou Barris,44,Vilapicina i la Torre Llobeta,13,45884
2022,8,Nou Barris,44,Vilapicina i la Torre Llobeta,14,44065
2022,8,Nou Barris,44,Vilapicina i la Torre Llobeta,15,39853
2022,8,Nou Barris,44,Vilapicina i la Torre Llobeta,16,44524
2022,8,Nou Barris,44,Vilapicina i la Torre Llobeta,17,49338
2022,8,Nou Barris,44,Vilapicina i la Torre Llobeta,18,46975
2022,8,Nou Barris,44,Vilapicina i la Torre Llobeta,19,42509
2022,8,Nou Barris,45,Porta,20,43050
2022,8,Nou Barris,45,Porta,21,45909
2022,8,Nou Barris,45,Porta,22,47020
2022,8,Nou Barris,45,Porta,23,40313
2022,8,Nou Barris,45,Porta,24,43203
2022,8,Nou Barris,45,Porta,25,37085
2022,8,Nou Barris,45,Porta,26,45999
2022,8,Nou Barris,45,Porta,27,50815
2022,8,Nou Barris,45,Porta,28,40100
2022,8,Nou Barris,45,Porta,29,35845
2022,8,Nou Barris,45,Porta,30,42410
2022,8,Nou Barris,45,Porta,31,40597
2022,8,Nou Barris,45,Porta,32,45111
2022,8,Nou Barris,45,Porta,33,37109
2022,8,Nou Barris,45,Porta,34,34937
2022,8,Nou Barris,45,Porta,35,36551
2022,8,Nou Barris,45,Porta,36,33957
2022,8,Nou Barris,45,Porta,37,39784
2022,8,Nou Barris,46,el Turó de la Peira,38,39662
2022,8,Nou Barris,46,el Turó de la Peira,39,37739
2022,8,Nou Barris,46,el Turó de la Peira,40,34588
2022,8,Nou Barris,46,el Turó de la Peira,41,32105
2022,8,Nou Barris,46,el Turó de la Peira,42,44437
2022,8,Nou Barris,46,el Turó de la Peira,43,37352
2022,8,Nou Barris,46,el Turó de la Peira,44,33849
2022,8,Nou Barris,46,el Turó de la Peira,45,36029
2022,8,Nou Barris,46,el Turó de la Peira,46,35868
2022,8,Nou Barris,46,el Turó de la Peira,47,32858
2022,8,Nou Barris,47,Can Peguera,48,27315
2022,8,Nou Barris,47,Can Peguera,49,32096
2022,8,Nou Barris,48,la Guineueta,50,54187
2022,8,Nou Barris,48,la Guineueta,51,51712
2022,8,Nou Barris,48,la Guineueta,52,43205
2022,8,Nou Barris,48,la Guineueta,53,51600
2022,8,Nou Barris,48,la Guineueta,54,43178
2022,8,Nou Barris,48,la Guineueta,55,59225
2022,8,Nou Barris,48,la Guineueta,56,42361
2022,8,Nou Barris,48,la Guineueta,57,43840
2022,8,Nou Barris,48,la Guineueta,58,39562
2022,8,Nou Barris,48,la Guineueta,59,41987
2022,8,Nou Barris,49,Canyelles,60,45812
2022,8,Nou Barris,49,Canyelles,61,39687
2022,8,Nou Barris,49,Canyelles,62,46246
2022,8,Nou Barris,49,Canyelles,63,51106
2022,8,Nou Barris,49,Canyelles,64,41239
2022,8,Nou Barris,50,les Roquetes,65,34853
2022,8,Nou Barris,50,les Roquetes,66,30134
2022,8,Nou Barris,50,les Roquetes,67,37205
2022,8,Nou Barris,50,les Roquetes,68,32475
2022,8,Nou Barris,50,les Roquetes,69,34012
2022,8,Nou Barris,50,les Roquetes,70,32184
2022,8,Nou Barris,50,les Roquetes,71,33915
2022,8,Nou Barris,50,les Roquetes,72,38226
2022,8,Nou Barris,50,les Roquetes,73,28000
2022,8,Nou Barris,50,les Roquetes,74,32723
2022,8,Nou Barris,51,Verdun,75,34409
2022,8,Nou Barris,51,Verdun,76,34903
2022,8,Nou Barris,51,Verdun,77,31405
2022,8,Nou Barris,51,Verdun,78,31261
2022,8,Nou Barris,51,Verdun,79,31709
2022,8,Nou Barris,51,Verdun,80,35028
2022,8,Nou Barris,51,Verdun,81,33516
2022,8,Nou Barris,51,Verdun,82,34161
2022,8,Nou Barris,52,la Prosperitat,83,36405
2022,8,Nou Barris,52,la Prosperitat,84,37943
2022,8,Nou Barris,52,la Prosperitat,85,36881
2022,8,Nou Barris,52,la Prosperitat,86,36625
2022,8,Nou Barris,52,la Prosperitat,87,36254
2022,8,Nou Barris,52,la Prosperitat,88,36825
2022,8,Nou Barris,52,la Prosperitat,89,37517
2022,8,Nou Barris,52,la Prosperitat,90,39225
2022,8,Nou Barris,52,la Prosperitat,91,39635
2022,8,Nou Barris,52,la Prosperitat,92,42391
2022,8,Nou Barris,52,la Prosperitat,93,36655
2022,8,Nou Barris,52,la Prosperitat,94,37648
2022,8,Nou Barris,52,la Prosperitat,95,48909
2022,8,Nou Barris,52,la Prosperitat,96,41536
2022,8,Nou Barris,52,la Prosperitat,97,36455
2022,8,Nou Barris,52,la Prosperitat,98,35379
2022,8,Nou Barris,52,la Prosperitat,99,35499
2022,8,Nou Barris,52,la Prosperitat,100,35348
2022,8,Nou Barris,52,la Prosperitat,101,38663
2022,8,Nou Barris,52,la Prosperitat,102,32302
2022,8,Nou Barris,53,la Trinitat Nova,103,27703
2022,8,Nou Barris,53,la Trinitat Nova,104,30882
2022,8,Nou Barris,53,la Trinitat Nova,105,34004
2022,8,Nou Barris,53,la Trinitat Nova,106,34101
2022,8,Nou Barris,53,la Trinitat Nova,107,32894
2022,8,Nou Barris,54,Torre Baró,108,34679
2022,8,Nou Barris,54,Torre Baró,109,32385
2022,8,Nou Barris,55,Ciutat Meridiana,110,26890
2022,8,Nou Barris,55,Ciutat Meridiana,111,29990
2022,8,Nou Barris,55,Ciutat Meridiana,112,31802
2022,8,Nou Barris,55,Ciutat Meridiana,113,30962
2022,8,Nou Barris,55,Ciutat Meridiana,114,33497
2022,8,Nou Barris,55,Ciutat Meridiana,115,30816
2022,8,Nou Barris,56,Vallbona,116,33663
2022,8,Nou Barris,48,la Guineueta,215,47028
2022,9,Sant Andreu,57,la Trinitat Vella,1,31514
2022,9,Sant Andreu,57,la Trinitat Vella,2,31849
2022,9,Sant Andreu,57,la Trinitat Vella,3,33376
2022,9,Sant Andreu,57,la Trinitat Vella,4,33655
2022,9,Sant Andreu,57,la Trinitat Vella,5,43920
2022,9,Sant Andreu,58,Baró de Viver,6,33532
2022,9,Sant Andreu,58,Baró de Viver,7,29772
2022,9,Sant Andreu,59,el Bon Pastor,8,69873
2022,9,Sant Andreu,59,el Bon Pastor,9,49595
2022,9,Sant Andreu,59,el Bon Pastor,10,38414
2022,9,Sant Andreu,59,el Bon Pastor,11,34770
2022,9,Sant Andreu,59,el Bon Pastor,13,32140
2022,9,Sant Andreu,59,el Bon Pastor,14,34471
2022,9,Sant Andreu,59,el Bon Pastor,15,35050
2022,9,Sant Andreu,60,Sant Andreu,16,49535
2022,9,Sant Andreu,60,Sant Andreu,17,53143
2022,9,Sant Andreu,60,Sant Andreu,18,48768
2022,9,Sant Andreu,60,Sant Andreu,19,59996
2022,9,Sant Andreu,60,Sant Andreu,20,50324
2022,9,Sant Andreu,60,Sant Andreu,21,56209
2022,9,Sant Andreu,60,Sant Andreu,22,59554
2022,9,Sant Andreu,60,Sant Andreu,23,59216
2022,9,Sant Andreu,60,Sant Andreu,24,52883
2022,9,Sant Andreu,60,Sant Andreu,25,54792
2022,9,Sant Andreu,60,Sant Andreu,26,55277
2022,9,Sant Andreu,60,Sant Andreu,27,54947
2022,9,Sant Andreu,60,Sant Andreu,28,71626
2022,9,Sant Andreu,60,Sant Andreu,29,47387
2022,9,Sant Andreu,60,Sant Andreu,30,55268
2022,9,Sant Andreu,60,Sant Andreu,31,59023
2022,9,Sant Andreu,60,Sant Andreu,32,43064
2022,9,Sant Andreu,60,Sant Andreu,33,45761
2022,9,Sant Andreu,60,Sant Andreu,34,40279
2022,9,Sant Andreu,60,Sant Andreu,35,47436
2022,9,Sant Andreu,60,Sant Andreu,36,50093
2022,9,Sant Andreu,60,Sant Andreu,37,45318
2022,9,Sant Andreu,60,Sant Andreu,38,54805
2022,9,Sant Andreu,60,Sant Andreu,39,49720
2022,9,Sant Andreu,60,Sant Andreu,40,58719
2022,9,Sant Andreu,60,Sant Andreu,41,47628
2022,9,Sant Andreu,60,Sant Andreu,42,52037
2022,9,Sant Andreu,60,Sant Andreu,43,46977
2022,9,Sant Andreu,60,Sant Andreu,44,51162
2022,9,Sant Andreu,60,Sant Andreu,45,50584
2022,9,Sant Andreu,60,Sant Andreu,46,54155
2022,9,Sant Andreu,60,Sant Andreu,47,52954
2022,9,Sant Andreu,60,Sant Andreu,48,48021
2022,9,Sant Andreu,60,Sant Andreu,49,51549
2022,9,Sant Andreu,60,Sant Andreu,50,50723
2022,9,Sant Andreu,60,Sant Andreu,51,52746
2022,9,Sant Andreu,60,Sant Andreu,52,51238
2022,9,Sant Andreu,60,Sant Andreu,53,55020
2022,9,Sant Andreu,60,Sant Andreu,54,53317
2022,9,Sant Andreu,61,la Sagrera,55,48106
2022,9,Sant Andreu,61,la Sagrera,56,49987
2022,9,Sant Andreu,61,la Sagrera,57,47975
2022,9,Sant Andreu,61,la Sagrera,58,54779
2022,9,Sant Andreu,61,la Sagrera,59,51346
2022,9,Sant Andreu,61,la Sagrera,60,46767
2022,9,Sant Andreu,61,la Sagrera,61,55409
2022,9,Sant Andreu,61,la Sagrera,62,52937
2022,9,Sant Andreu,61,la Sagrera,63,55112
2022,9,Sant Andreu,61,la Sagrera,64,53807
2022,9,Sant Andreu,61,la Sagrera,65,49416
2022,9,Sant Andreu,61,la Sagrera,66,55328
2022,9,Sant Andreu,61,la Sagrera,67,45843
2022,9,Sant Andreu,61,la Sagrera,68,51774
2022,9,Sant Andreu,61,la Sagrera,69,46771
2022,9,Sant Andreu,61,la Sagrera,70,34500
2022,9,Sant Andreu,61,la Sagrera,71,46579
2022,9,Sant Andreu,61,la Sagrera,72,38299
2022,9,Sant Andreu,61,la Sagrera,73,49338
2022,9,Sant Andreu,62,el Congrés i els Indians,74,46316
2022,9,Sant Andreu,62,el Congrés i els Indians,75,49608
2022,9,Sant Andreu,62,el Congrés i els Indians,76,44332
2022,9,Sant Andreu,62,el Congrés i els Indians,77,47210
2022,9,Sant Andreu,62,el Congrés i els Indians,78,50494
2022,9,Sant Andreu,62,el Congrés i els Indians,79,50822
2022,9,Sant Andreu,62,el Congrés i els Indians,80,51047
2022,9,Sant Andreu,62,el Congrés i els Indians,81,48380
2022,9,Sant Andreu,62,el Congrés i els Indians,82,49392
2022,9,Sant Andreu,63,Navas,83,50031
2022,9,Sant Andreu,63,Navas,84,54706
2022,9,Sant Andreu,63,Navas,85,51486
2022,9,Sant Andreu,63,Navas,86,50956
2022,9,Sant Andreu,63,Navas,87,54628
2022,9,Sant Andreu,63,Navas,88,42797
2022,9,Sant Andreu,63,Navas,89,45126
2022,9,Sant Andreu,63,Navas,90,44481
2022,9,Sant Andreu,63,Navas,91,50772
2022,9,Sant Andreu,63,Navas,92,53211
2022,9,Sant Andreu,63,Navas,93,48586
2022,9,Sant Andreu,63,Navas,94,50386
2022,9,Sant Andreu,63,Navas,95,53831
2022,9,Sant Andreu,61,la Sagrera,156,48151
2022,10,Sant Martí,64,el Camp de l'Arpa del Clot,1,44529
2022,10,Sant Martí,64,el Camp de l'Arpa del Clot,2,47601
2022,10,Sant Martí,64,el Camp de l'Arpa del Clot,3,50391
2022,10,Sant Martí,64,el Camp de l'Arpa del Clot,4,48905
2022,10,Sant Martí,64,el Camp de l'Arpa del Clot,5,51705
2022,10,Sant Martí,64,el Camp de l'Arpa del Clot,6,57092
2022,10,Sant Martí,64,el Camp de l'Arpa del Clot,7,65552
2022,10,Sant Martí,64,el Camp de l'Arpa del Clot,8,49541
2022,10,Sant Martí,64,el Camp de l'Arpa del Clot,9,49825
2022,10,Sant Martí,64,el Camp de l'Arpa del Clot,10,47246
2022,10,Sant Martí,64,el Camp de l'Arpa del Clot,11,54173
2022,10,Sant Martí,64,el Camp de l'Arpa del Clot,12,54610
2022,10,Sant Martí,64,el Camp de l'Arpa del Clot,13,49840
2022,10,Sant Martí,64,el Camp de l'Arpa del Clot,14,49916
2022,10,Sant Martí,64,el Camp de l'Arpa del Clot,15,49604
2022,10,Sant Martí,64,el Camp de l'Arpa del Clot,16,55062
2022,10,Sant Martí,64,el Camp de l'Arpa del Clot,17,53041
2022,10,Sant Martí,64,el Camp de l'Arpa del Clot,18,46527
2022,10,Sant Martí,64,el Camp de l'Arpa del Clot,19,50482
2022,10,Sant Martí,64,el Camp de l'Arpa del Clot,20,44288
2022,10,Sant Martí,64,el Camp de l'Arpa del Clot,21,45578
2022,10,Sant Martí,64,el Camp de l'Arpa del Clot,22,49626
2022,10,Sant Martí,64,el Camp de l'Arpa del Clot,23,49057
2022,10,Sant Martí,64,el Camp de l'Arpa del Clot,24,56091
2022,10,Sant Martí,64,el Camp de l'Arpa del Clot,25,47786
2022,10,Sant Martí,65,el Clot,26,57794
2022,10,Sant Martí,65,el Clot,27,52261
2022,10,Sant Martí,65,el Clot,28,52781
2022,10,Sant Martí,65,el Clot,29,49588
2022,10,Sant Martí,65,el Clot,30,50599
2022,10,Sant Martí,65,el Clot,31,46379
2022,10,Sant Martí,65,el Clot,32,58833
2022,10,Sant Martí,65,el Clot,33,55035
2022,10,Sant Martí,65,el Clot,34,47543
2022,10,Sant Martí,65,el Clot,35,62878
2022,10,Sant Martí,65,el Clot,36,66033
2022,10,Sant Martí,65,el Clot,37,41859
2022,10,Sant Martí,65,el Clot,38,53634
2022,10,Sant Martí,65,el Clot,39,49515
2022,10,Sant Martí,65,el Clot,40,50488
2022,10,Sant Martí,65,el Clot,41,50869
2022,10,Sant Martí,66,el Parc i la Llacuna del Poblenou,42,48524
2022,10,Sant Martí,66,el Parc i la Llacuna del Poblenou,43,54670
2022,10,Sant Martí,66,el Parc i la Llacuna del Poblenou,44,53369
2022,10,Sant Martí,66,el Parc i la Llacuna del Poblenou,45,61375
2022,10,Sant Martí,66,el Parc i la Llacuna del Poblenou,46,54130
2022,10,Sant Martí,66,el Parc i la Llacuna del Poblenou,47,56858
2022,10,Sant Martí,66,el Parc i la Llacuna del Poblenou,48,60502
2022,10,Sant Martí,66,el Parc i la Llacuna del Poblenou,49,54060
2022,10,Sant Martí,66,el Parc i la Llacuna del Poblenou,50,58452
2022,10,Sant Martí,67,la Vila Olímpica del Poblenou,51,64968
2022,10,Sant Martí,67,la Vila Olímpica del Poblenou,52,91674
2022,10,Sant Martí,67,la Vila Olímpica del Poblenou,53,115593
2022,10,Sant Martí,67,la Vila Olímpica del Poblenou,54,89114
2022,10,Sant Martí,67,la Vila Olímpica del Poblenou,55,104534
2022,10,Sant Martí,68,el Poblenou,56,50767
2022,10,Sant Martí,68,el Poblenou,57,46376
2022,10,Sant Martí,68,el Poblenou,58,46501
2022,10,Sant Martí,68,el Poblenou,59,61557
2022,10,Sant Martí,68,el Poblenou,60,52732
2022,10,Sant Martí,68,el Poblenou,61,62155
2022,10,Sant Martí,68,el Poblenou,62,63468
2022,10,Sant Martí,68,el Poblenou,63,60191
2022,10,Sant Martí,68,el Poblenou,64,59202
2022,10,Sant Martí,68,el Poblenou,65,59469
2022,10,Sant Martí,68,el Poblenou,66,63251
2022,10,Sant Martí,68,el Poblenou,67,89506
2022,10,Sant Martí,68,el Poblenou,68,72491
2022,10,Sant Martí,68,el Poblenou,69,70880
2022,10,Sant Martí,68,el Poblenou,70,50906
2022,10,Sant Martí,68,el Poblenou,71,64699
2022,10,Sant Martí,68,el Poblenou,72,60179
2022,10,Sant Martí,68,el Poblenou,73,47594
2022,10,Sant Martí,68,el Poblenou,74,51442
2022,10,Sant Martí,68,el Poblenou,75,53163
2022,10,Sant Martí,69,Diagonal Mar i el Front Marítim del Poblenou,76,57227
2022,10,Sant Martí,69,Diagonal Mar i el Front Marítim del Poblenou,77,81839
2022,10,Sant Martí,69,Diagonal Mar i el Front Marítim del Poblenou,78,83428
2022,10,Sant Martí,69,Diagonal Mar i el Front Marítim del Poblenou,79,64583
2022,10,Sant Martí,69,Diagonal Mar i el Front Marítim del Poblenou,80,111673
2022,10,Sant Martí,70,el Besòs i el Maresme,81,41317
2022,10,Sant Martí,70,el Besòs i el Maresme,82,28212
2022,10,Sant Martí,70,el Besòs i el Maresme,83,27309
2022,10,Sant Martí,70,el Besòs i el Maresme,84,31587
2022,10,Sant Martí,70,el Besòs i el Maresme,85,29319
2022,10,Sant Martí,70,el Besòs i el Maresme,86,33514
2022,10,Sant Martí,70,el Besòs i el Maresme,87,31625
2022,10,Sant Martí,70,el Besòs i el Maresme,88,43416
2022,10,Sant Martí,70,el Besòs i el Maresme,89,31728
2022,10,Sant Martí,70,el Besòs i el Maresme,90,39156
2022,10,Sant Martí,70,el Besòs i el Maresme,91,41548
2022,10,Sant Martí,70,el Besòs i el Maresme,92,49287
2022,10,Sant Martí,70,el Besòs i el Maresme,93,53591
2022,10,Sant Martí,71,Provençals del Poblenou,94,57133
2022,10,Sant Martí,71,Provençals del Poblenou,95,45300
2022,10,Sant Martí,71,Provençals del Poblenou,96,64596
2022,10,Sant Martí,71,Provençals del Poblenou,97,61463
2022,10,Sant Martí,71,Provençals del Poblenou,98,61234
2022,10,Sant Martí,71,Provençals del Poblenou,99,39974
2022,10,Sant Martí,71,Provençals del Poblenou,100,44537
2022,10,Sant Martí,71,Provençals del Poblenou,101,51848
2022,10,Sant Martí,71,Provençals del Poblenou,102,44257
2022,10,Sant Martí,71,Provençals del Poblenou,103,47431
2022,10,Sant Martí,71,Provençals del Poblenou,104,57539
2022,10,Sant Martí,72,Sant Martí de Provençals,105,49431
2022,10,Sant Martí,72,Sant Martí de Provençals,106,46756
2022,10,Sant Martí,72,Sant Martí de Provençals,107,60868
2022,10,Sant Martí,72,Sant Martí de Provençals,108,43934
2022,10,Sant Martí,72,Sant Martí de Provençals,109,42442
2022,10,Sant Martí,72,Sant Martí de Provençals,110,40954
2022,10,Sant Martí,72,Sant Martí de Provençals,111,44972
2022,10,Sant Martí,72,Sant Martí de Provençals,112,57478
2022,10,Sant Martí,72,Sant Martí de Provençals,113,46309
2022,10,Sant Martí,72,Sant Martí de Provençals,114,40733
2022,10,Sant Martí,72,Sant Martí de Provençals,115,40428
2022,10,Sant Martí,72,Sant Martí de Provençals,116,37981
2022,10,Sant Martí,72,Sant Martí de Provençals,117,42875
2022,10,Sant Martí,72,Sant Martí de Provençals,118,59612
2022,10,Sant Martí,72,Sant Martí de Provençals,119,37700
2022,10,Sant Martí,72,Sant Martí de Provençals,120,40880
2022,10,Sant Martí,72,Sant Martí de Provençals,121,41663
2022,10,Sant Martí,72,Sant Martí de Provençals,122,54685
2022,10,Sant Martí,73,la Verneda i la Pau,123,45401
2022,10,Sant Martí,73,la Verneda i la Pau,124,49053
2022,10,Sant Martí,73,la Verneda i la Pau,125,42008
2022,10,Sant Martí,73,la Verneda i la Pau,126,47100
2022,10,Sant Martí,73,la Verneda i la Pau,127,51977
2022,10,Sant Martí,73,la Verneda i la Pau,128,47663
2022,10,Sant Martí,73,la Verneda i la Pau,129,52406
2022,10,Sant Martí,73,la Verneda i la Pau,130,44533
2022,10,Sant Martí,73,la Verneda i la Pau,131,58137
2022,10,Sant Martí,73,la Verneda i la Pau,132,42729
2022,10,Sant Martí,73,la Verneda i la Pau,133,39614
2022,10,Sant Martí,73,la Verneda i la Pau,134,36575
2022,10,Sant Martí,73,la Verneda i la Pau,135,41639
2022,10,Sant Martí,73,la Verneda i la Pau,136,41279
2022,10,Sant Martí,73,la Verneda i la Pau,137,37899
2022,10,Sant Martí,73,la Verneda i la Pau,138,31856
2022,10,Sant Martí,73,la Verneda i la Pau,139,36364
2022,10,Sant Martí,73,la Verneda i la Pau,140,38130
2022,10,Sant Martí,73,la Verneda i la Pau,141,38227
2022,10,Sant Martí,73,la Verneda i la Pau,142,36277
2022,10,Sant Martí,73,la Verneda i la Pau,143,42437
2022,10,Sant Martí,65,el Clot,234,49003
2022,10,Sant Martí,69,Diagonal Mar i el Front Marítim del Poblenou,235,36523
2022,10,Sant Martí,69,Diagonal Mar i el Front Marítim del Poblenou,236,41101
2022,10,Sant Martí,71,Provençals del Poblenou,237,36788
